Issue Type,Component,Issue Description,Impact Level,Status,Fix Applied
Data Model Accuracy,Concept GET responses,Fields with omitempty are excluded when zero/empty values,HIGH,FIXED,Updated documentation to specify JSON behavior for omitempty fields
Response Format,Search endpoint,Empty results returned null instead of empty array,MEDIUM,FIXED,Added null check to ensure empty array response
Endpoint Count,API Documentation,All 39 endpoints verified against main.go,LOW,VERIFIED,No issues found - documentation accurate
Handler Functions,Function Names,All handler function names verified against implementations,LOW,VERIFIED,No issues found - documentation accurate
HTTP Methods,Route Definitions,All HTTP methods verified against main.go routes,LOW,VERIFIED,No issues found - documentation accurate
Neo4j Queries,Complex Queries,All analytical query implementations verified,LOW,VERIFIED,No issues found - documentation accurate
Status Codes,Error Responses,Status codes verified for success and error cases,LOW,VERIFIED,No issues found - documentation accurate
Request Bodies,JSON Structure,Request body formats verified against model definitions,LOW,VERIFIED,No issues found - documentation accurate
Response Bodies,JSON Structure,Response body formats verified with live testing,MEDIUM,VERIFIED,Minor omitempty behavior documented correctly
Relationship Types,Relationship Validation,All 7 relationship types verified against implementations,LOW,VERIFIED,No issues found - documentation accurate
Parameters,Query Parameters,All query parameter requirements verified,LOW,VERIFIED,No issues found - documentation accurate
Field Types,Data Types,All field data types verified against Go struct definitions,LOW,VERIFIED,No issues found - documentation accurate

OVERALL ASSESSMENT: ROBUST - Documentation is now highly accurate for agent-based development