Aspect,Description,Details,Current Status,Technical Specification
Project Name,Systems Thinking Analysis Platform,A comprehensive platform for modeling and analyzing complex systems using systems thinking principles,Active Development,Go + Neo4j + Docker
Primary Purpose,Systems Thinking Modeling,Enable users to model complex systems by capturing narratives and decomposing them into systems with stocks flows and causal relationships,Fully Functional,CRUD API with graph database storage
Target Domain,Complex Systems Analysis,Applicable to any domain requiring systems thinking: traffic systems urban planning organizational dynamics environmental systems business processes,Domain Agnostic,Generic modeling framework

Core Entities,Narrative,Text-based descriptions of system behavior and context,Implemented,Full CRUD operations available
Core Entities,System,Bounded entities with specific purposes and behaviors,Implemented,Full CRUD operations available
Core Entities,Stock,Accumulations or things that can be measured at a point in time,Implemented,Full CRUD operations available
Core Entities,Flow,Rates of change that affect stocks over time,Implemented,Full CRUD operations available
Core Entities,QuestionData,Questions about system behavior dynamics and causality,Implemented,Full CRUD operations available
Core Entities,CausalLink,Causal relationships between any entities with polarity and confidence,Implemented,Full CRUD operations available

System Relationships,Narrative -> System,Narratives describe systems through DESCRIBES relationship,Implemented,One-to-many relationship
System Relationships,System -> System,Systems can contain subsystems through CONSTITUTES relationship,Implemented,Hierarchical system modeling
System Relationships,Stock -> System,Stocks belong to systems through DescribesStatic relationship,Implemented,Static system elements
System Relationships,Flow -> System,Flows belong to systems through DescribesDynamic relationship,Implemented,Dynamic system elements
System Relationships,Flow -> Stock,Flows change stocks through Changes relationship with polarity,Implemented,Stock and flow dynamics
System Relationships,Entity -> Entity,Any entity can causally influence any other through CausalLink,Implemented,Generic causal modeling

Technical Architecture,Backend Language,Go 1.23 with Gin web framework,Implemented,Modern performant backend
Technical Architecture,Database,Neo4j 5.15 Community Edition graph database,Implemented,Optimized for relationship queries
Technical Architecture,Containerization,Docker Compose for development environment,Implemented,Easy deployment and scaling
Technical Architecture,CORS Support,gin-contrib/cors middleware for frontend integration,Implemented,Ready for web frontend
Technical Architecture,API Design,RESTful CRUD endpoints for all entities and relationships,Implemented,39+ endpoints total

Data Flow,Input,Users create narratives describing system behaviors,Supported,POST /narratives
Data Flow,Decomposition,Users extract systems stocks and flows from narratives,Supported,POST /systems /stocks /flows
Data Flow,Relationship Mapping,Users establish relationships between entities,Supported,POST /describes /constitutes etc
Data Flow,Causal Analysis,Users define causal links with polarity and confidence,Supported,POST /causal-links
Data Flow,Questioning,Users pose questions about system behavior,Supported,POST /questions
Data Flow,Query and Analysis,Users retrieve and analyze the complete system model,Supported,GET endpoints for all entities

Current Capabilities,Entity Management,Create read update delete all types of entities,Fully Functional,All CRUD operations tested
Current Capabilities,Relationship Management,Create read delete all types of relationships,Fully Functional,Relationship CRUD tested
Current Capabilities,Graph Database,Persistent storage with relationship queries,Fully Functional,Neo4j integration working
Current Capabilities,API Testing,Comprehensive testing of all endpoints,Fully Functional,Test script available
Current Capabilities,Documentation,Complete API and data model documentation,Updated,Fresh documentation created

Future Possibilities,Visualization Tools,Graph visualization of system models,Discussed,Could add frontend visualization
Future Possibilities,Advanced Analytics,Pattern detection and system analysis algorithms,Potential,Could leverage graph algorithms
Future Possibilities,Import/Export,Data import/export capabilities for system models,Potential,Could add data interchange
Future Possibilities,Collaboration,Multi-user system modeling and sharing,Potential,Could add user management
Future Possibilities,AI Integration,AI-assisted system modeling and analysis,Potential,Could integrate ML/NLP

Example Use Case,Traffic System Analysis,Model urban traffic as a system with car stocks traffic flow rates and causal relationships,Tested and Working,Example data created and tested
Example Use Case,Organizational Dynamics,Model organizations with employee stocks hiring/firing flows and causal influences,Ready to Implement,Framework supports this use case
Example Use Case,Environmental Systems,Model ecosystems with population stocks migration flows and environmental causality,Ready to Implement,Framework supports this use case
Example Use Case,Business Processes,Model business systems with resource stocks process flows and operational causality,Ready to Implement,Framework supports this use case

Development Status,Core Platform,Systems thinking modeling platform with all entities and relationships,Complete,All functionality implemented
Development Status,API Layer,RESTful API with comprehensive CRUD operations,Complete,39+ endpoints functional
Development Status,Database Layer,Graph database with proper schema and relationships,Complete,Neo4j integration working
Development Status,Testing,API testing and validation,Complete,All endpoints tested
Development Status,Documentation,Technical and API documentation,Complete,Fresh comprehensive docs